[
    {
        "konyv_id": "1",
        "cim": "A Gyűrűk Ura",
        "szerzo": "J.R.R. Tolkien",
        "kiado": "Káner",
        "kiadas_ev": "1954",
        "isbn": "9780261102354",
        "leiras": "Középfölde története...",
        "boritokep": "borito1.jpg",
        "ar": "2990.00",
        "keszleten": "true"
    },
    {
        "konyv_id": "2",
        "cim": "1984",
        "szerzo": "George Orwell",
        "kiado": "Europa",
        "kiadas_ev": "1949",
        "isbn": "9780451524935",
        "leiras": "Egy disztópikus jövő...",
        "boritokep": "borito2.jpg",
        "ar": "1990.00",
        "keszleten": "false"
    },
    {
        "konyv_id": "3",
        "cim": "Az Alkimista",
        "szerzo": "Paulo Coelho",
        "kiado": "Kossuth",
        "kiadas_ev": "1988",
        "isbn": "9789630940694",
        "leiras": "Egy pásztorfiú utazása...",
        "boritokep": "borito3.jpg",
        "ar": "1490.00",
        "keszleten": "true"
    },
    {
        "konyv_id": "4",
        "cim": "Az öreg halász és a tenger",
        "szerzo": "Ernest Hemingway",
        "kiado": "Európa",
        "kiadas_ev": "1952",
        "isbn": "9789630754463",
        "leiras": "Egy kubai halász és küzdelme egy hatalmas hal ellen.",
        "boritokep": "oreg-halasz-hemingway.jpg",
        "ar": "1500.00",
        "keszleten": "true"
    },
    {
        "konyv_id": "5",
        "cim": "A kis herceg",
        "szerzo": "Antoine de Saint-Exupéry",
        "kiado": "Móra",
        "kiadas_ev": "1943",
        "isbn": "9789631198765",
        "leiras": "Egy kisfiú utazása különböző bolygók között.",
        "boritokep": "B1352406.jpg",
        "ar": "1200.00",
        "keszleten": "false"
    },
    {
        "konyv_id": "6",
        "cim": "Büszkeség és balítélet",
        "szerzo": "Jane Austen",
        "kiado": "Európa",
        "kiadas_ev": "2022",
        "isbn": "9789632675381",
        "leiras": "Egy angol vidéki társadalom szatirikus ábrázolása.",
        "boritokep": "B1442941.jpg",
        "ar": "1800.00",
        "keszleten": "true"
    },
    {
        "konyv_id": "7",
        "cim": "A három musketeers",
        "szerzo": "Alexandre Dumas",
        "kiado": "Európa",
        "kiadas_ev": "2023",
        "isbn": "9789630793645",
        "leiras": "A francia királyi udvar kalandjai.",
        "boritokep": "120415558.jpg",
        "ar": "1990.00",
        "keszleten": "false"
    },
    {
        "konyv_id": "8",
        "cim": "Kafka a parton",
        "szerzo": "Haruki Murakami",
        "kiado": "Geopen Könyvkiadó",
        "kiadas_ev": "2017",
        "isbn": "9789630775873",
        "leiras": "Egy japán író találkozása Franz Kafkával.",
        "boritokep": "borito4.jpg",
        "ar": "2200.00",
        "keszleten": "true"
    },
    {
        "konyv_id": "9",
        "cim": "Báró Wenckheim hazatér",
        "szerzo": "Laszlo Krasznahorkai",
        "kiado": "Magvető",
        "kiadas_ev": "2006",
        "isbn": "9789631434156",
        "leiras": "Krasznahorkai László azon alkotók közé tartozik",
        "boritokep": "akik egyszerre teremtettek sajátos írói világot és az ezt leírni hivatott nyelvet: az utóbbi harminc év egyik legeredetibb magyar írójának életművében egymást feltételezik az isten háta mögötti",
        "ar": "menthetetlenül pusztuló",
        "keszleten": "biblikus távlatokat kínáló helyszínek és a végtelen hosszúságú"
    },
    {
        "konyv_id": "10",
        "cim": "A számolj vissza",
        "szerzo": "Stephen King",
        "kiado": "Európa Könyvkiadó",
        "kiadas_ev": "2016",
        "isbn": "9789630799966",
        "leiras": "Stephen King regénye nem pusztán zseniális időutazás és páratlanul izgalmas",
        "boritokep": "váratlan fordulatokban gazdag történet",
        "ar": "hanem a véletlenről",
        "keszleten": "a választásainktól és a sorsról szóló tűnődés is. Letehetetlen."
    },
    {
        "konyv_id": "11",
        "cim": "Az eljövendő világ",
        "szerzo": "Aldous Huxley",
        "kiado": "Európa",
        "kiadas_ev": "1932",
        "isbn": "9789630711668",
        "leiras": "A 26. századi Londonban játszódó történet világában a szaporítás",
        "boritokep": "a genetika és a hipnózis hatalmas fejlődést mondhat magáénak",
        "ar": "teljesen megváltoztatva az emberi társadalmat",
        "keszleten": "amit kasztokra osztanak fel"
    },
    {
        "konyv_id": "12",
        "cim": "Az öreg és a tenger",
        "szerzo": "Ernest Hemingway",
        "kiado": "Libri",
        "kiadas_ev": "2020",
        "isbn": "9786155955907",
        "leiras": "Egy kubai halász és küzdelme egy hatalmas hal ellen.",
        "boritokep": "6321426_4.jpg",
        "ar": "1500.00",
        "keszleten": "true"
    }
]