[
   {
      "id":"1",
      "name":"Kovács János",
      "email":"janos.kovacs@email.hu",
      "birthday":"1985-05-12"
   },
   {
      "id":"2",
      "name":"Nagy Erzsébet",
      "email":"erzsi.nagy@webmail.hu",
      "birthday":"1992-03-24"
   },
   {
      "id":"3",
      "name":"Tóth Gábor",
      "email":"gabor.toth@provider.com",
      "birthday":"1978-11-02"
   },
   {
      "id":"4",
      "name":"Kiss Dóra",
      "email":"dora.kiss@freemail.hu",
      "birthday":"1995-07-15"
   },
   {
      "id":"5",
      "name":"Molnár Péter",
      "email":"peter.molnar@ceg.hu",
      "birthday":"1988-01-30"
   },
   {
      "id":"6",
      "name":"Szabó Anna",
      "email":"anna.szabo@teszt.hu",
      "birthday":"2000-09-10"
   },
   {
      "id":"7",
      "name":"Farkas Balázs",
      "email":"balazs.farkas@email.hu",
      "birthday":"1982-06-21"
   },
   {
      "id":"8",
      "name":"Horváth Katalin",
      "email":"kati.horvath@iroda.hu",
      "birthday":"1991-12-05"
   },
   {
      "id":"9",
      "name":"Varga László",
      "email":"laszlo.varga@tarsasag.hu",
      "birthday":"1975-04-18"
   },
   {
      "id":"10",
      "name":"Mészáros Eszter",
      "email":"eszter.meszaros@webmail.hu",
      "birthday":"1998-08-27"
   },
   {
      "id":"11",
      "name":"Simon Tamás",
      "email":"tamas.simon@email.hu",
      "birthday":"1989-02-11"
   },
   {
      "id":"12",
      "name":"Bakos Zsófia",
      "email":"zsofia.bakos@freemail.hu",
      "birthday":"1994-10-03"
   },
   {
      "id":"13",
      "name":"Balogh Miklós",
      "email":"miklos.balogh@domain.hu",
      "birthday":"1981-05-20"
   },
   {
      "id":"14",
      "name":"Kelemen Rita",
      "email":"rita.kelemen@teszt.hu",
      "birthday":"1990-03-14"
   },
   {
      "id":"15",
      "name":"Papp Attila",
      "email":"attila.papp@provider.hu",
      "birthday":"1972-11-28"
   },
   {
      "id":"16",
      "name":"Fekete Zoltán",
      "email":"zoltan.fekete@email.hu",
      "birthday":"1986-07-07"
   },
   {
      "id":"17",
      "name":"Szalai Júlia",
      "email":"julia.szalai@webmail.hu",
      "birthday":"1997-01-22"
   },
   {
      "id":"18",
      "name":"Takács Gergő",
      "email":"gergo.takacs@ceg.hu",
      "birthday":"1984-09-30"
   },
   {
      "id":"19",
      "name":"Juhász Emese",
      "email":"emese.juhasz@iroda.hu",
      "birthday":"1993-06-16"
   },
   {
      "id":"20",
      "name":"Németh András",
      "email":"andras.nemeth@tarsasag.hu",
      "birthday":"1980-12-12"
   }
]