nev;megjegyzes;nev_eng;alt_szoveg;src
Alma;Az alma vagy almafa a rózsafélék családjába tartozó növénynemzetség. Körülbelül 55 faj tartozik ide, melyek többsége Ázsiában, kisebb része Európában és Észak-Amerikában honos. A nemzetségbe tartozó egyedek, vagyis az almafák termésének a neve is alma.;apple;apple;apple.png
Avokádó;Az avokádó a babérfélék családjába tartozó, örökzöld, alacsonyan elágazó, terebélyes ágrendszerű, 10–20 m magas fa. A mexikói fajának a neve Persea gratissima.;avocado;avocado;avocado.png
Kókuszdió;A kókuszpálma az egyszikűek osztályába, a pálmavirágúak rendjébe és a pálmafélék családjába tartozó faj.;coconut;coconut;coconut.png
Guava;A guava egy gyakori trópusi gyümölcs, amelyet számos trópusi és szubtrópusi régióban termesztenek. A közönséges guajava Psidium guajava a mirtuszfélék családjába tartozó kis fa, Mexikóban, Közép-Amerikában, a Karib-térségben és Dél-Amerika északi részén őshonos.;guava;guava;guava.png
Mézbogyó;A mézbogyó a szappanfavirágúak rendjébe, a szappanfafélék családjába tartozó trópusi növényfaj.;mamoncillo;imoncillo;imoncillo.png
Nagy szapota;A Pouteria sapota, a mamey sapote egy Mexikóban és Közép-Amerikában őshonos fafaj. A fát a Karib-térségben is termesztik. Gyümölcsét sok latin-amerikai országban fogyasztják. A gyümölcsből olyan ételeket készítenek, mint a turmix és a fagylalt.;mamey_sapote;mamey_sapote;mamey_sapote.png
Mangó;A mangó (Mangifera indica) a szappanfavirágúak (Sapindales) rendjébe sorolt szömörcefélék (Anacardiaceae) családjában a Mangifera nemzetség típusfaja — édes ízű, egzotikus gyümölcsöt termő fa. Mai neve az indiai man-gay portugál formájából (manga) származik. Az indiaiak szent fája.;mango;mango;mango.png
Arany alma;Az aranyalma  különböző legendákban szerepel, amelyek egy hőst (például Herkulest vagy Făt-Frumost ) ábrázolnak, amint visszahozza az ellenfél által elrejtett vagy ellopott aranyalmákat . Az aranyalma az ír mitológiában a túlvilág ezüstágán is megjelenik ;manzana_de_oro;manzana_de_aro;manzana_de_aro.png
Papaya;A papaja vagy dinnyefa a keresztesvirágúak rendjébe és a dinnyefafélék családjába tartozó faj. Gyümölcse szintén papaja néven ismert.;papaya;papaya;papaya.png
Passiógyümölcs;A passiógyümölcs és a granadilla a Passiflora nemzetség számos növényének gyümölcse. Dél-Amerika szubtrópusi vidékein őshonos Brazília déli részétől Paraguayon át Észak-Argentínáig. A gyümölcsöt héja és magja miatt, valamint gyümölcsléként fogyasztják.;passion_fruit;passion_fruit;passion_fruit.png
Ananász;Az ananász az egyszikűek osztályába, a perjevirágúak rendjébe és a broméliafélék családjába tartozó nemzetség.;pineapple;pineapple;pineapple.png
Sárkánygyümölcs;"A pitaja nagyobb és gyakran finomabb is, mint a kaktuszfüge. Húsa fehér, vörös vagy lila; magja kisebb, kevésbé zavarja a gyümölcsevés élvezetét. Héja élvezhetetlen. Illata semleges, íze frissítő és finoman savanykás, egy kicsit az egresére emlékeztet.";pitaya;pitaya;pitaya.png
Főzőbanán;A főzőbanán a Musa nemzetségbe tartozó banánfajták csoportja, amelynek gyümölcseit általában főzéshez használják. Nem fogyasztják nyersen, és általában keményítőtartalmúak. Sok főzési banánt útifűnek vagy „zöld banánnak” neveznek.;plantain;plantain;plantain.png
Tüskés annóna;A szúrszop vagy tüskés annóna a liliomfa-virágúak rendjébe, ezen belül az annónafélék családjába tartozó faj. Nemzetségének a típusfaja.;soursop;soursop;soursop.png
Csillaggyümölcs;A karambola, más néven csillaggyümölcs, az Averrhoa carambola gyümölcse, amely a trópusi Délkelet-Ázsiában őshonos fafaj. Az ehető gyümölcs oldalain jellegzetes gerincek futnak le. Keresztmetszetben vágva csillaghoz hasonlít, így a csillaggyümölcs elnevezést kapja.;starfruit;starfruit;starfruit.png
Tamarind;"A tamarindusz a kétszikűek osztályában a hüvelyesek rendjébe sorolt pillangósvirágúak családjának egyik monotipikus nemzetsége; egyetlen faja a többnyire egyszerűen csak tamarindnak nevezett indiai tamarindusz. Neve az arab-indiai tamar és hindi szavakból ered.";tamarind;tamarind;tamarind.png
